feature,missing_rate
hr,0.6666666666666666
infection_hour,0.6666666666666666
infection_time,0.6666666666666666
sepsis3_onset_order,0.6666666666666666
sofa_increase,0.6666666666666666
sofa_baseline,0.6666666666666666
sofa_score,0.6666666666666666
sepsis_onset_time,0.6666666666666666
subject_id,0.0
hadm_id,0.0
icustay_id,0.0
sepsis3,0.0
intime,0.0
outtime,0.0
stay_hours,0.0
