{
  "vitals": {
    "heart_rate": 0.17949393807246183,
    "resp_rate": 0.22993164257968196,
    "temperature": 0.1899449166570807,
    "sbp": 0.15901691239968674,
    "dbp": 0.08507984324071818,
    "spo2": 0.1565327470503706
  },
  "labs": {
    "lactate": 0.28286136225087244,
    "wbc": 0.2305414912307909,
    "creatinine": 0.16692251802484245,
    "bun": 0.1284259449000898,
    "platelet": 0.10059871155570652,
    "bilirubin": 0.0906499720376979
  },
  "drugs": {
    "antibiotic": 0.6403696969366638,
    "vasopressor": 0.35963030306333627
  },
  "kg": 0.11160726405069163
}