{
  "auroc": 0.9737243006403775,
  "auprc": 0.8097880335067753,
  "accuracy": 0.9708646616541353,
  "precision": 0.7558139534883721,
  "recall": 0.8666666666666667,
  "f1_score": 0.8074534161490683,
  "specificity": 0.9787664307381193,
  "mean_early_warning_hours": 0.0,
  "median_early_warning_hours": 0.0,
  "false_alarm_rate": 0.006920415224913495,
  "optimal_threshold": 0.7865094542503357,
  "confusion_matrix": {
    "tn": 968,
    "fp": 21,
    "fn": 10,
    "tp": 65
  },
  "fpr": [
    0.0,
    0.0,
    0.0,
    0.0010111223458038423,
    0.0010111223458038423,
    0.0020222446916076846,
    0.0020222446916076846,
    0.003033367037411527,
    0.004044489383215369,
    0.004044489383215369,
    0.005055611729019211,
    0.005055611729019211,
    0.006066734074823054,
    0.006066734074823054,
    0.007077856420626896,
    0.007077856420626896,
    0.008088978766430738,
    0.008088978766430738,
    0.00910010111223458,
    0.00910010111223458,
    0.011122345803842264,
    0.011122345803842264,
    0.012133468149646108,
    0.012133468149646108,
    0.01314459049544995,
    0.01314459049544995,
    0.014155712841253791,
    0.014155712841253791,
    0.015166835187057633,
    0.015166835187057633,
    0.016177957532861477,
    0.016177957532861477,
    0.017189079878665317,
    0.017189079878665317,
    0.020222446916076844,
    0.020222446916076844,
    0.021233569261880688,
    0.021233569261880688,
    0.023255813953488372,
    0.023255813953488372,
    0.029322548028311426,
    0.029322548028311426,
    0.033367037411526794,
    0.033367037411526794,
    0.042467138523761376,
    0.042467138523761376,
    0.05156723963599596,
    0.05156723963599596,
    0.0525783619817998,
    0.0525783619817998,
    0.0859453993933266,
    0.0859453993933266,
    0.2982810920121335,
    0.30030333670374115,
    0.3346814964610718,
    0.3367037411526795,
    0.3528816986855409,
    0.35490394337714865,
    0.36804853387259856,
    0.37209302325581395,
    0.4155712841253792,
    0.41759352881698686,
    0.4570273003033367,
    0.4590495449949444,
    0.474216380182002,
    0.4762386248736097,
    0.4914054600606673,
    0.49342770475227504,
    0.5035389282103134,
    0.5055611729019212,
    0.512639029322548,
    0.5136501516683518,
    0.6339737108190091,
    0.6339737108190091,
    0.8968655207280081,
    0.8988877654196158,
    0.961577350859454,
    0.9635995955510617,
    0.9646107178968655,
    0.9666329625884732,
    1.0
  ],
  "tpr": [
    0.0,
    0.013333333333333334,
    0.22666666666666666,
    0.22666666666666666,
    0.28,
    0.28,
    0.30666666666666664,
    0.32,
    0.32,
    0.3333333333333333,
    0.3333333333333333,
    0.3466666666666667,
    0.3466666666666667,
    0.4266666666666667,
    0.4266666666666667,
    0.4666666666666667,
    0.4666666666666667,
    0.48,
    0.48,
    0.5333333333333333,
    0.5333333333333333,
    0.5733333333333334,
    0.5733333333333334,
    0.6266666666666667,
    0.6266666666666667,
    0.68,
    0.68,
    0.6933333333333334,
    0.6933333333333334,
    0.7866666666666666,
    0.7866666666666666,
    0.8133333333333334,
    0.8133333333333334,
    0.84,
    0.84,
    0.8666666666666667,
    0.8666666666666667,
    0.88,
    0.88,
    0.8933333333333333,
    0.8933333333333333,
    0.9066666666666666,
    0.9066666666666666,
    0.92,
    0.92,
    0.9333333333333333,
    0.9333333333333333,
    0.9466666666666667,
    0.9466666666666667,
    0.96,
    0.96,
    0.9733333333333334,
    0.9733333333333334,
    0.9733333333333334,
    0.9733333333333334,
    0.9733333333333334,
    0.9733333333333334,
    0.9733333333333334,
    0.9733333333333334,
    0.9733333333333334,
    0.9733333333333334,
    0.9733333333333334,
    0.9733333333333334,
    0.9733333333333334,
    0.9733333333333334,
    0.9733333333333334,
    0.9733333333333334,
    0.9733333333333334,
    0.9733333333333334,
    0.9733333333333334,
    0.9733333333333334,
    0.9866666666666667,
    0.9866666666666667,
    1.0,
    1.0,
    1.0,
    1.0,
    1.0,
    1.0,
    1.0,
    1.0
  ],
  "thresholds": [
    Infinity,
    0.7872976064682007,
    0.7870262861251831,
    0.7870231866836548,
    0.7870079278945923,
    0.7869981527328491,
    0.7869809865951538,
    0.7869758009910583,
    0.7869729995727539,
    0.7869681119918823,
    0.7869668006896973,
    0.7869582176208496,
    0.7869513034820557,
    0.7869091629981995,
    0.7868901491165161,
    0.7868816256523132,
    0.786877453327179,
    0.7868759036064148,
    0.786873459815979,
    0.7868524789810181,
    0.786838710308075,
    0.7868297100067139,
    0.7868011593818665,
    0.7867890000343323,
    0.7867878079414368,
    0.7867790460586548,
    0.7867598533630371,
    0.786759078502655,
    0.7867449522018433,
    0.7866765856742859,
    0.7866507172584534,
    0.7866426706314087,
    0.786609947681427,
    0.7866045236587524,
    0.78657466173172,
    0.7865394353866577,
    0.786518931388855,
    0.7865094542503357,
    0.7865027785301208,
    0.7864848375320435,
    0.7863712906837463,
    0.7863569259643555,
    0.7855271697044373,
    0.7854322195053101,
    0.7850040197372437,
    0.7849558591842651,
    0.7845905423164368,
    0.784563422203064,
    0.7845516204833984,
    0.7845324277877808,
    0.7833569645881653,
    0.7832722663879395,
    0.02242017164826393,
    0.022420058026909828,
    0.022416405379772186,
    0.02241610921919346,
    0.02241385169327259,
    0.02241366170346737,
    0.022411124780774117,
    0.022411081939935684,
    0.02240634523332119,
    0.022406330332159996,
    0.02240072563290596,
    0.022400720044970512,
    0.02239915542304516,
    0.0223990511149168,
    0.02239675261080265,
    0.022396503016352654,
    0.022394945845007896,
    0.022394634783267975,
    0.022394008934497833,
    0.02239367924630642,
    0.02237098105251789,
    0.022370947524905205,
    0.022129174321889877,
    0.022128906100988388,
    0.02210323140025139,
    0.022103160619735718,
    0.02210315503180027,
    0.022102922201156616,
    0.022081665694713593
  ]
}