{
  "auroc": 0.9678732726659925,
  "auprc": 0.6593418899890995,
  "accuracy": 0.9708646616541353,
  "precision": 0.7894736842105263,
  "recall": 0.8,
  "f1_score": 0.7947019867549668,
  "specificity": 0.9838220424671386,
  "mean_early_warning_hours": 0.0,
  "median_early_warning_hours": 0.0,
  "false_alarm_rate": 0.006920415224913495,
  "optimal_threshold": 0.7858560681343079,
  "confusion_matrix": {
    "tn": 973,
    "fp": 16,
    "fn": 15,
    "tp": 60
  },
  "fpr": [
    0.0,
    0.0,
    0.0,
    0.0020222446916076846,
    0.0020222446916076846,
    0.005055611729019211,
    0.005055611729019211,
    0.006066734074823054,
    0.006066734074823054,
    0.007077856420626896,
    0.007077856420626896,
    0.00910010111223458,
    0.00910010111223458,
    0.010111223458038422,
    0.010111223458038422,
    0.011122345803842264,
    0.011122345803842264,
    0.012133468149646108,
    0.012133468149646108,
    0.014155712841253791,
    0.014155712841253791,
    0.015166835187057633,
    0.015166835187057633,
    0.016177957532861477,
    0.016177957532861477,
    0.01820020222446916,
    0.01820020222446916,
    0.022244691607684528,
    0.022244691607684528,
    0.025278058645096056,
    0.025278058645096056,
    0.028311425682507583,
    0.028311425682507583,
    0.029322548028311426,
    0.029322548028311426,
    0.05358948432760364,
    0.05358948432760364,
    0.055611729019211326,
    0.055611729019211326,
    0.05864509605662285,
    0.05864509605662285,
    0.09302325581395349,
    0.09302325581395349,
    0.25783619817997977,
    0.25985844287158744,
    0.27401415571284127,
    0.27603640040444893,
    0.32962588473205257,
    0.3316481294236603,
    0.3902932254802831,
    0.3923154701718908,
    0.40950455005055614,
    0.4115267947421638,
    0.48129423660262893,
    0.48129423660262893,
    0.5166835187057633,
    0.5187057633973711,
    0.531850353892821,
    0.5338725985844287,
    0.6683518705763397,
    0.6703741152679474,
    0.7027300303336703,
    0.7027300303336703,
    0.7987866531850354,
    0.8008088978766431,
    1.0
  ],
  "tpr": [
    0.0,
    0.013333333333333334,
    0.06666666666666667,
    0.06666666666666667,
    0.08,
    0.08,
    0.09333333333333334,
    0.09333333333333334,
    0.13333333333333333,
    0.13333333333333333,
    0.14666666666666667,
    0.14666666666666667,
    0.16,
    0.16,
    0.17333333333333334,
    0.17333333333333334,
    0.18666666666666668,
    0.18666666666666668,
    0.21333333333333335,
    0.21333333333333335,
    0.3466666666666667,
    0.3466666666666667,
    0.7733333333333333,
    0.7733333333333333,
    0.8133333333333334,
    0.8133333333333334,
    0.8266666666666667,
    0.8266666666666667,
    0.8533333333333334,
    0.8533333333333334,
    0.8666666666666667,
    0.8666666666666667,
    0.9066666666666666,
    0.9066666666666666,
    0.92,
    0.92,
    0.9333333333333333,
    0.9333333333333333,
    0.9466666666666667,
    0.9466666666666667,
    0.96,
    0.96,
    0.9733333333333334,
    0.9733333333333334,
    0.9733333333333334,
    0.9733333333333334,
    0.9733333333333334,
    0.9733333333333334,
    0.9733333333333334,
    0.9733333333333334,
    0.9733333333333334,
    0.9733333333333334,
    0.9733333333333334,
    0.9733333333333334,
    0.9866666666666667,
    0.9866666666666667,
    0.9866666666666667,
    0.9866666666666667,
    0.9866666666666667,
    0.9866666666666667,
    0.9866666666666667,
    0.9866666666666667,
    1.0,
    1.0,
    1.0,
    1.0
  ],
  "thresholds": [
    Infinity,
    0.7870860695838928,
    0.7870694398880005,
    0.7870488166809082,
    0.7870420813560486,
    0.7870242595672607,
    0.7870193123817444,
    0.7870090007781982,
    0.7869741916656494,
    0.7869687080383301,
    0.7869616150856018,
    0.7869384288787842,
    0.7869320511817932,
    0.7869231104850769,
    0.7869157791137695,
    0.7869068384170532,
    0.7868934273719788,
    0.7868776321411133,
    0.7868643999099731,
    0.7868363857269287,
    0.7867459654808044,
    0.7867380380630493,
    0.7861066460609436,
    0.7860035300254822,
    0.7858560681343079,
    0.7858399152755737,
    0.7858364582061768,
    0.7857463955879211,
    0.785678505897522,
    0.7856271862983704,
    0.7856080532073975,
    0.7855851054191589,
    0.7855375409126282,
    0.7855374217033386,
    0.7855274677276611,
    0.7845731377601624,
    0.7844893932342529,
    0.7844511270523071,
    0.7844248414039612,
    0.7842614650726318,
    0.784155011177063,
    0.7808485627174377,
    0.780823290348053,
    0.022417977452278137,
    0.022417914122343063,
    0.02241717278957367,
    0.022417111322283745,
    0.022411076352000237,
    0.022411029785871506,
    0.022404583171010017,
    0.022404491901397705,
    0.02240273542702198,
    0.02240259014070034,
    0.022391147911548615,
    0.022391032427549362,
    0.022385679185390472,
    0.02238559164106846,
    0.022382469847798347,
    0.022381890565156937,
    0.022351590916514397,
    0.022351372987031937,
    0.022346131503582,
    0.02234598621726036,
    0.022143898531794548,
    0.022143876180052757,
    0.022078128531575203
  ]
}