{
  "auroc": 0.9746343107516008,
  "auprc": 0.8181551732298122,
  "accuracy": 0.9755639097744361,
  "precision": 0.8024691358024691,
  "recall": 0.8666666666666667,
  "f1_score": 0.8333333333333334,
  "specificity": 0.9838220424671386,
  "mean_early_warning_hours": 0.0,
  "median_early_warning_hours": 0.0,
  "false_alarm_rate": 0.006920415224913495,
  "optimal_threshold": 0.7866376638412476,
  "confusion_matrix": {
    "tn": 973,
    "fp": 16,
    "fn": 10,
    "tp": 65
  },
  "fpr": [
    0.0,
    0.0,
    0.0,
    0.0010111223458038423,
    0.0010111223458038423,
    0.0020222446916076846,
    0.0020222446916076846,
    0.003033367037411527,
    0.003033367037411527,
    0.004044489383215369,
    0.004044489383215369,
    0.005055611729019211,
    0.005055611729019211,
    0.006066734074823054,
    0.006066734074823054,
    0.007077856420626896,
    0.007077856420626896,
    0.00910010111223458,
    0.00910010111223458,
    0.010111223458038422,
    0.010111223458038422,
    0.012133468149646108,
    0.012133468149646108,
    0.01314459049544995,
    0.01314459049544995,
    0.014155712841253791,
    0.014155712841253791,
    0.015166835187057633,
    0.015166835187057633,
    0.016177957532861477,
    0.016177957532861477,
    0.019211324570273004,
    0.019211324570273004,
    0.020222446916076844,
    0.020222446916076844,
    0.03640040444893832,
    0.03640040444893832,
    0.04044489383215369,
    0.04044489383215369,
    0.05055611729019211,
    0.05055611729019211,
    0.0788675429726997,
    0.0788675429726997,
    0.32962588473205257,
    0.3316481294236603,
    0.3619817997977755,
    0.3640040444893832,
    0.4368048533872599,
    0.43882709807886755,
    0.4590495449949444,
    0.46107178968655205,
    0.48230535894843274,
    0.48432760364004046,
    0.5166835187057633,
    0.5166835187057633,
    0.6117290192113246,
    0.6137512639029322,
    0.6268958543983822,
    0.6289180990899899,
    0.6390293225480284,
    0.6390293225480284,
    0.7482305358948432,
    0.750252780586451,
    1.0
  ],
  "tpr": [
    0.0,
    0.013333333333333334,
    0.22666666666666666,
    0.22666666666666666,
    0.24,
    0.24,
    0.28,
    0.28,
    0.32,
    0.32,
    0.36,
    0.36,
    0.37333333333333335,
    0.37333333333333335,
    0.4266666666666667,
    0.4266666666666667,
    0.48,
    0.48,
    0.5733333333333334,
    0.5733333333333334,
    0.6,
    0.6,
    0.6533333333333333,
    0.6666666666666666,
    0.7066666666666667,
    0.7066666666666667,
    0.76,
    0.76,
    0.8666666666666667,
    0.8666666666666667,
    0.88,
    0.88,
    0.8933333333333333,
    0.8933333333333333,
    0.9066666666666666,
    0.9066666666666666,
    0.9333333333333333,
    0.9333333333333333,
    0.9466666666666667,
    0.9466666666666667,
    0.96,
    0.96,
    0.9733333333333334,
    0.9733333333333334,
    0.9733333333333334,
    0.9733333333333334,
    0.9733333333333334,
    0.9733333333333334,
    0.9733333333333334,
    0.9733333333333334,
    0.9733333333333334,
    0.9733333333333334,
    0.9733333333333334,
    0.9733333333333334,
    0.9866666666666667,
    0.9866666666666667,
    0.9866666666666667,
    0.9866666666666667,
    0.9866666666666667,
    0.9866666666666667,
    1.0,
    1.0,
    1.0,
    1.0
  ],
  "thresholds": [
    Infinity,
    0.7872057557106018,
    0.7869991064071655,
    0.7869972586631775,
    0.7869795560836792,
    0.7869699001312256,
    0.7869586944580078,
    0.7869585752487183,
    0.7869521975517273,
    0.78695148229599,
    0.7869427800178528,
    0.7869408130645752,
    0.7869381308555603,
    0.7869255542755127,
    0.7868842482566833,
    0.7868769764900208,
    0.7868637442588806,
    0.7868541479110718,
    0.7868303656578064,
    0.7868269085884094,
    0.7868197560310364,
    0.7868163585662842,
    0.7867817282676697,
    0.7867806553840637,
    0.7867648005485535,
    0.7867627739906311,
    0.7867549061775208,
    0.7867422699928284,
    0.7866398692131042,
    0.7866393327713013,
    0.7866376638412476,
    0.7866140604019165,
    0.7866130471229553,
    0.7865998148918152,
    0.7865404486656189,
    0.7852070331573486,
    0.7850394248962402,
    0.7849286794662476,
    0.7849239706993103,
    0.7846795916557312,
    0.7845966815948486,
    0.7840065360069275,
    0.7839525938034058,
    0.02240738458931446,
    0.022407248616218567,
    0.022403137758374214,
    0.022403039038181305,
    0.022395718842744827,
    0.022395655512809753,
    0.022392895072698593,
    0.0223928801715374,
    0.022390250116586685,
    0.022390209138393402,
    0.02238425984978676,
    0.02238408289849758,
    0.022353487089276314,
    0.022352805361151695,
    0.022350816056132317,
    0.022350221872329712,
    0.02234840765595436,
    0.02234833873808384,
    0.02215328998863697,
    0.022153278812766075,
    0.022076508030295372
  ]
}