{
  "auroc": 0.9697337377822717,
  "auprc": 0.6690091308977062,
  "accuracy": 0.9718045112781954,
  "precision": 0.7848101265822784,
  "recall": 0.8266666666666667,
  "f1_score": 0.8051948051948052,
  "specificity": 0.9828109201213346,
  "mean_early_warning_hours": 0.0,
  "median_early_warning_hours": 0.0,
  "false_alarm_rate": 0.006920415224913495,
  "optimal_threshold": 0.7860637903213501,
  "confusion_matrix": {
    "tn": 972,
    "fp": 17,
    "fn": 13,
    "tp": 62
  },
  "fpr": [
    0.0,
    0.0,
    0.0010111223458038423,
    0.0010111223458038423,
    0.0020222446916076846,
    0.0020222446916076846,
    0.006066734074823054,
    0.006066734074823054,
    0.007077856420626896,
    0.007077856420626896,
    0.00910010111223458,
    0.00910010111223458,
    0.011122345803842264,
    0.011122345803842264,
    0.012133468149646108,
    0.012133468149646108,
    0.014155712841253791,
    0.014155712841253791,
    0.015166835187057633,
    0.015166835187057633,
    0.016177957532861477,
    0.016177957532861477,
    0.017189079878665317,
    0.017189079878665317,
    0.020222446916076844,
    0.020222446916076844,
    0.021233569261880688,
    0.021233569261880688,
    0.022244691607684528,
    0.022244691607684528,
    0.023255813953488372,
    0.023255813953488372,
    0.027300303336703743,
    0.027300303336703743,
    0.03538928210313448,
    0.03538928210313448,
    0.03741152679474216,
    0.03741152679474216,
    0.06370070778564206,
    0.06370070778564206,
    0.07482305358948432,
    0.07482305358948432,
    0.07583417593528817,
    0.07583417593528817,
    0.27906976744186046,
    0.2810920121334681,
    0.31445904954499493,
    0.31648129423660265,
    0.33771486349848334,
    0.339737108190091,
    0.35591506572295245,
    0.35995955510616784,
    0.3923154701718908,
    0.3943377148634985,
    0.416582406471183,
    0.4186046511627907,
    0.4398382204246714,
    0.4418604651162791,
    0.44590495449949447,
    0.44792719919110213,
    0.47219413549039435,
    0.474216380182002,
    0.48230535894843274,
    0.48432760364004046,
    0.5470171890798786,
    0.5490394337714863,
    0.5662285136501517,
    0.5662285136501517,
    0.6006066734074823,
    0.60262891809909,
    0.6632962588473206,
    0.6653185035389282,
    0.6703741152679474,
    0.6723963599595552,
    0.8260869565217391,
    0.8281092012133469,
    1.0
  ],
  "tpr": [
    0.0,
    0.013333333333333334,
    0.013333333333333334,
    0.04,
    0.04,
    0.10666666666666667,
    0.10666666666666667,
    0.2,
    0.2,
    0.22666666666666666,
    0.22666666666666666,
    0.26666666666666666,
    0.26666666666666666,
    0.32,
    0.32,
    0.3333333333333333,
    0.3333333333333333,
    0.41333333333333333,
    0.41333333333333333,
    0.6933333333333334,
    0.6933333333333334,
    0.8133333333333334,
    0.8133333333333334,
    0.84,
    0.84,
    0.8533333333333334,
    0.8533333333333334,
    0.8666666666666667,
    0.8666666666666667,
    0.88,
    0.88,
    0.8933333333333333,
    0.8933333333333333,
    0.9066666666666666,
    0.9066666666666666,
    0.92,
    0.92,
    0.9333333333333333,
    0.9333333333333333,
    0.9466666666666667,
    0.9466666666666667,
    0.96,
    0.96,
    0.9733333333333334,
    0.9733333333333334,
    0.9733333333333334,
    0.9733333333333334,
    0.9733333333333334,
    0.9733333333333334,
    0.9733333333333334,
    0.9733333333333334,
    0.9733333333333334,
    0.9733333333333334,
    0.9733333333333334,
    0.9733333333333334,
    0.9733333333333334,
    0.9733333333333334,
    0.9733333333333334,
    0.9733333333333334,
    0.9733333333333334,
    0.9733333333333334,
    0.9733333333333334,
    0.9733333333333334,
    0.9733333333333334,
    0.9733333333333334,
    0.9733333333333334,
    0.9733333333333334,
    1.0,
    1.0,
    1.0,
    1.0,
    1.0,
    1.0,
    1.0,
    1.0,
    1.0,
    1.0
  ],
  "thresholds": [
    Infinity,
    0.7870048880577087,
    0.7869898080825806,
    0.7869552969932556,
    0.7869541645050049,
    0.7869217395782471,
    0.7868898510932922,
    0.7868497967720032,
    0.7868268489837646,
    0.7868167161941528,
    0.7867939472198486,
    0.7867778539657593,
    0.7867586016654968,
    0.7867297530174255,
    0.786715567111969,
    0.786709189414978,
    0.786689281463623,
    0.7866078615188599,
    0.7865877747535706,
    0.7862430810928345,
    0.7862284779548645,
    0.7860761284828186,
    0.7860671877861023,
    0.7860637903213501,
    0.7860105633735657,
    0.7860090732574463,
    0.7860039472579956,
    0.7859740257263184,
    0.7859616279602051,
    0.7859477400779724,
    0.785913348197937,
    0.7858996391296387,
    0.7858359217643738,
    0.785834550857544,
    0.7849279046058655,
    0.7849084138870239,
    0.7848089933395386,
    0.784798264503479,
    0.7834596037864685,
    0.783290684223175,
    0.7825314402580261,
    0.7825019359588623,
    0.7824973464012146,
    0.7824843525886536,
    0.022407129406929016,
    0.022406965494155884,
    0.022403458133339882,
    0.02240339107811451,
    0.022402046248316765,
    0.02240193448960781,
    0.022400137037038803,
    0.02239994890987873,
    0.02239719219505787,
    0.02239704504609108,
    0.022395115345716476,
    0.022395063191652298,
    0.022391756996512413,
    0.02239171229302883,
    0.022391147911548615,
    0.022391095757484436,
    0.022385815158486366,
    0.022385522723197937,
    0.0223807692527771,
    0.02237967774271965,
    0.022364936769008636,
    0.022364860400557518,
    0.022360261529684067,
    0.022359536960721016,
    0.02234785072505474,
    0.022347796708345413,
    0.022328689694404602,
    0.022327877581119537,
    0.02232593111693859,
    0.02232569083571434,
    0.022140635177493095,
    0.022140437737107277,
    0.022069204598665237
  ]
}