{
  "auroc": 0.9979804433932875,
  "auprc": 0.9690435051271884,
  "accuracy": 0.9893177610027062,
  "precision": 0.9393939393939394,
  "recall": 0.9022869022869023,
  "f1_score": 0.9204665959703076,
  "specificity": 0.9957186544342508,
  "mean_early_warning_hours": 0.0,
  "median_early_warning_hours": 0.0,
  "confusion_matrix": {
    "tn": 6512,
    "fp": 28,
    "fn": 47,
    "tp": 434
  }
}