{"train_loss": [0.04732519248500466, 0.027753468831757677, 0.03368268213605254, 0.024754689302591778, 0.021413145782637664], "val_loss": [0.08595212532038038, 0.054987098280848426, 0.050691536045633256, 0.04212414085949687, 0.0445199882643382], "train_auroc": [0.9772504142294117, 0.9897075558642767, 0.9857795147886758, 0.993540286550507, 0.9933580417707725], "val_auroc": [0.9926190658904955, 0.9957811226708472, 0.9945668022408103, 0.995703651731585, 0.9950853459333239]}