{
  "auroc": 0.9660262891809908,
  "auprc": 0.6266480306224003,
  "accuracy": 0.9736842105263158,
  "precision": 0.7764705882352941,
  "recall": 0.88,
  "f1_score": 0.825,
  "specificity": 0.980788675429727,
  "mean_early_warning_hours": 0.0,
  "median_early_warning_hours": 0.0,
  "false_alarm_rate": 0.006920415224913495,
  "optimal_threshold": 0.7861906886100769,
  "confusion_matrix": {
    "tn": 970,
    "fp": 19,
    "fn": 9,
    "tp": 66
  },
  "fpr": [
    0.0,
    0.0,
    0.0,
    0.0010111223458038423,
    0.0010111223458038423,
    0.0020222446916076846,
    0.0020222446916076846,
    0.005055611729019211,
    0.005055611729019211,
    0.006066734074823054,
    0.006066734074823054,
    0.007077856420626896,
    0.007077856420626896,
    0.010111223458038422,
    0.010111223458038422,
    0.011122345803842264,
    0.011122345803842264,
    0.012133468149646108,
    0.012133468149646108,
    0.014155712841253791,
    0.014155712841253791,
    0.015166835187057633,
    0.015166835187057633,
    0.016177957532861477,
    0.016177957532861477,
    0.016177957532861477,
    0.016177957532861477,
    0.017189079878665317,
    0.017189079878665317,
    0.01820020222446916,
    0.01820020222446916,
    0.019211324570273004,
    0.019211324570273004,
    0.024266936299292215,
    0.024266936299292215,
    0.033367037411526794,
    0.033367037411526794,
    0.041456016177957536,
    0.041456016177957536,
    0.04853387259858443,
    0.04853387259858443,
    0.06471183013144591,
    0.06471183013144591,
    0.07583417593528817,
    0.07583417593528817,
    0.30030333670374115,
    0.3023255813953488,
    0.3235591506572295,
    0.32558139534883723,
    0.3437815975733064,
    0.34580384226491406,
    0.48432760364004046,
    0.4863498483316481,
    0.5075834175935288,
    0.5096056622851365,
    0.6167846309403437,
    0.6167846309403437,
    0.6754297269969667,
    0.6774519716885743,
    0.6825075834175935,
    0.6845298281092013,
    0.7057633973710818,
    0.7057633973710818,
    0.7977755308392316,
    0.7997977755308392,
    0.8119312436804853,
    0.813953488372093,
    1.0
  ],
  "tpr": [
    0.0,
    0.013333333333333334,
    0.02666666666666667,
    0.02666666666666667,
    0.04,
    0.04,
    0.05333333333333334,
    0.05333333333333334,
    0.06666666666666667,
    0.06666666666666667,
    0.08,
    0.08,
    0.09333333333333334,
    0.09333333333333334,
    0.10666666666666667,
    0.10666666666666667,
    0.12,
    0.12,
    0.14666666666666667,
    0.14666666666666667,
    0.18666666666666668,
    0.18666666666666668,
    0.6533333333333333,
    0.6533333333333333,
    0.7866666666666666,
    0.8133333333333334,
    0.8533333333333334,
    0.8533333333333334,
    0.8666666666666667,
    0.8666666666666667,
    0.88,
    0.88,
    0.8933333333333333,
    0.8933333333333333,
    0.9066666666666666,
    0.9066666666666666,
    0.92,
    0.92,
    0.9333333333333333,
    0.9333333333333333,
    0.9466666666666667,
    0.9466666666666667,
    0.96,
    0.96,
    0.9733333333333334,
    0.9733333333333334,
    0.9733333333333334,
    0.9733333333333334,
    0.9733333333333334,
    0.9733333333333334,
    0.9733333333333334,
    0.9733333333333334,
    0.9733333333333334,
    0.9733333333333334,
    0.9733333333333334,
    0.9733333333333334,
    0.9866666666666667,
    0.9866666666666667,
    0.9866666666666667,
    0.9866666666666667,
    0.9866666666666667,
    0.9866666666666667,
    1.0,
    1.0,
    1.0,
    1.0,
    1.0,
    1.0
  ],
  "thresholds": [
    Infinity,
    0.7872381806373596,
    0.7872135043144226,
    0.7871814966201782,
    0.7871628403663635,
    0.7871612310409546,
    0.7871600389480591,
    0.787134051322937,
    0.787121593952179,
    0.7871066331863403,
    0.7870920896530151,
    0.7870710492134094,
    0.7870604395866394,
    0.7870151400566101,
    0.7870035171508789,
    0.7869957089424133,
    0.7869738936424255,
    0.7869686484336853,
    0.7869278788566589,
    0.7868978381156921,
    0.7868364453315735,
    0.7867919206619263,
    0.7863889932632446,
    0.7863873839378357,
    0.786318302154541,
    0.7863001227378845,
    0.7862627506256104,
    0.7862514853477478,
    0.7862442135810852,
    0.7862354516983032,
    0.7862138748168945,
    0.7862111330032349,
    0.7861906886100769,
    0.7861068844795227,
    0.7860784530639648,
    0.785178005695343,
    0.7849316596984863,
    0.7841880917549133,
    0.7838908433914185,
    0.7836771607398987,
    0.7836023569107056,
    0.7833020687103271,
    0.7832972407341003,
    0.7829967737197876,
    0.782965362071991,
    0.022423267364501953,
    0.022423194721341133,
    0.022420711815357208,
    0.02242055907845497,
    0.0224179457873106,
    0.022417893633246422,
    0.022397490218281746,
    0.02239743247628212,
    0.02239469811320305,
    0.0223945714533329,
    0.022378595545887947,
    0.022378498688340187,
    0.022360196337103844,
    0.02235938049852848,
    0.022356921806931496,
    0.022356834262609482,
    0.022346418350934982,
    0.022345079109072685,
    0.022143490612506866,
    0.022143427282571793,
    0.02214161492884159,
    0.022141410037875175,
    0.02207857184112072
  ]
}