{
  "auroc": 0.9751129086619481,
  "auprc": 0.7694515028188186,
  "accuracy": 0.9633458646616542,
  "precision": 0.7,
  "recall": 0.84,
  "f1_score": 0.7636363636363637,
  "specificity": 0.9726996966632963,
  "mean_early_warning_hours": 0.0,
  "median_early_warning_hours": 0.0,
  "false_alarm_rate": 0.006920415224913495,
  "optimal_threshold": 0.7863609790802002,
  "confusion_matrix": {
    "tn": 962,
    "fp": 27,
    "fn": 12,
    "tp": 63
  },
  "fpr": [
    0.0,
    0.0,
    0.0,
    0.0010111223458038423,
    0.0010111223458038423,
    0.0020222446916076846,
    0.0020222446916076846,
    0.003033367037411527,
    0.003033367037411527,
    0.006066734074823054,
    0.006066734074823054,
    0.007077856420626896,
    0.007077856420626896,
    0.008088978766430738,
    0.008088978766430738,
    0.00910010111223458,
    0.00910010111223458,
    0.010111223458038422,
    0.010111223458038422,
    0.011122345803842264,
    0.011122345803842264,
    0.012133468149646108,
    0.012133468149646108,
    0.01314459049544995,
    0.01314459049544995,
    0.016177957532861477,
    0.016177957532861477,
    0.017189079878665317,
    0.017189079878665317,
    0.01820020222446916,
    0.01820020222446916,
    0.019211324570273004,
    0.019211324570273004,
    0.020222446916076844,
    0.020222446916076844,
    0.022244691607684528,
    0.022244691607684528,
    0.025278058645096056,
    0.025278058645096056,
    0.0262891809908999,
    0.0262891809908999,
    0.027300303336703743,
    0.027300303336703743,
    0.029322548028311426,
    0.029322548028311426,
    0.030333670374115267,
    0.030333670374115267,
    0.03134479271991911,
    0.03134479271991911,
    0.03640040444893832,
    0.03640040444893832,
    0.03741152679474216,
    0.03741152679474216,
    0.041456016177957536,
    0.041456016177957536,
    0.08190091001011122,
    0.08190091001011122,
    0.28816986855409504,
    0.2901921132457027,
    0.32962588473205257,
    0.3306370070778564,
    0.34984833164812945,
    0.3518705763397371,
    0.3822042467138524,
    0.38422649140546006,
    0.48230535894843274,
    0.4863498483316481,
    0.5096056622851365,
    0.5116279069767442,
    0.5419615773508595,
    0.5439838220424671,
    0.5520728008088979,
    0.5520728008088979,
    0.58948432760364,
    0.5915065722952477,
    0.654196157735086,
    0.6562184024266936,
    0.6622851365015167,
    0.6643073811931244,
    0.7906976744186046,
    0.7927199191102123,
    0.9362992922143579,
    0.9383215369059656,
    0.9635995955510617,
    0.9656218402426694,
    0.9757330637007078,
    0.9777553083923155,
    1.0
  ],
  "tpr": [
    0.0,
    0.013333333333333334,
    0.13333333333333333,
    0.13333333333333333,
    0.18666666666666668,
    0.18666666666666668,
    0.28,
    0.28,
    0.29333333333333333,
    0.29333333333333333,
    0.30666666666666664,
    0.30666666666666664,
    0.4266666666666667,
    0.4266666666666667,
    0.44,
    0.44,
    0.4666666666666667,
    0.4666666666666667,
    0.5466666666666666,
    0.5466666666666666,
    0.56,
    0.56,
    0.5733333333333334,
    0.5733333333333334,
    0.6,
    0.6,
    0.6133333333333333,
    0.6133333333333333,
    0.6266666666666667,
    0.6266666666666667,
    0.68,
    0.68,
    0.72,
    0.7333333333333333,
    0.7466666666666667,
    0.7466666666666667,
    0.7866666666666666,
    0.7866666666666666,
    0.8,
    0.8,
    0.84,
    0.84,
    0.8533333333333334,
    0.8533333333333334,
    0.88,
    0.88,
    0.8933333333333333,
    0.8933333333333333,
    0.9066666666666666,
    0.9066666666666666,
    0.92,
    0.92,
    0.9466666666666667,
    0.9466666666666667,
    0.96,
    0.96,
    0.9733333333333334,
    0.9733333333333334,
    0.9733333333333334,
    0.9733333333333334,
    0.9866666666666667,
    0.9866666666666667,
    0.9866666666666667,
    0.9866666666666667,
    0.9866666666666667,
    0.9866666666666667,
    0.9866666666666667,
    0.9866666666666667,
    0.9866666666666667,
    0.9866666666666667,
    0.9866666666666667,
    0.9866666666666667,
    1.0,
    1.0,
    1.0,
    1.0,
    1.0,
    1.0,
    1.0,
    1.0,
    1.0,
    1.0,
    1.0,
    1.0,
    1.0,
    1.0,
    1.0,
    1.0
  ],
  "thresholds": [
    Infinity,
    0.7870729565620422,
    0.7868805527687073,
    0.7868695259094238,
    0.786842405796051,
    0.7868248224258423,
    0.7868066430091858,
    0.7867897748947144,
    0.7867881655693054,
    0.7867787480354309,
    0.786776602268219,
    0.7867761254310608,
    0.7866937518119812,
    0.7866904139518738,
    0.7866839170455933,
    0.7866756319999695,
    0.7866684198379517,
    0.7866615653038025,
    0.7866352796554565,
    0.7866261005401611,
    0.7866174578666687,
    0.7866159677505493,
    0.786611020565033,
    0.7866097688674927,
    0.786592960357666,
    0.7865787744522095,
    0.7865700721740723,
    0.7865691781044006,
    0.7865660190582275,
    0.7865650653839111,
    0.78653484582901,
    0.7865335941314697,
    0.786516547203064,
    0.7865049242973328,
    0.7865037322044373,
    0.7864564657211304,
    0.7864325046539307,
    0.7864115238189697,
    0.7864094376564026,
    0.7863980531692505,
    0.7863706946372986,
    0.7863677740097046,
    0.7863609790802002,
    0.7863303422927856,
    0.7863174080848694,
    0.786298394203186,
    0.7862599492073059,
    0.7862575054168701,
    0.7861208915710449,
    0.784500777721405,
    0.7844762802124023,
    0.7844110727310181,
    0.7843528389930725,
    0.7842915058135986,
    0.7841722369194031,
    0.7830324769020081,
    0.7830197215080261,
    0.022418050095438957,
    0.02241750806570053,
    0.022412020713090897,
    0.02241160348057747,
    0.022409426048398018,
    0.022409170866012573,
    0.02240559831261635,
    0.022405274212360382,
    0.022395092993974686,
    0.022394828498363495,
    0.02239173837006092,
    0.02239142917096615,
    0.022386731579899788,
    0.02238660864531994,
    0.02238564006984234,
    0.02238563820719719,
    0.022375673055648804,
    0.022375455126166344,
    0.022358832880854607,
    0.022358817979693413,
    0.022358199581503868,
    0.02235805243253708,
    0.022145003080368042,
    0.022144921123981476,
    0.02210915833711624,
    0.022109122946858406,
    0.022103572264313698,
    0.022103318944573402,
    0.022101372480392456,
    0.022101253271102905,
    0.022080712020397186
  ]
}