{
  "auroc": 0.9731311088641726,
  "auprc": 0.7774787075596344,
  "accuracy": 0.9586466165413534,
  "precision": 0.6448598130841121,
  "recall": 0.92,
  "f1_score": 0.7582417582417582,
  "specificity": 0.961577350859454,
  "mean_early_warning_hours": 0.0,
  "median_early_warning_hours": 0.0,
  "false_alarm_rate": 0.006920415224913495,
  "optimal_threshold": 0.7852184176445007,
  "confusion_matrix": {
    "tn": 951,
    "fp": 38,
    "fn": 6,
    "tp": 69
  },
  "fpr": [
    0.0,
    0.0,
    0.0,
    0.0010111223458038423,
    0.0010111223458038423,
    0.005055611729019211,
    0.005055611729019211,
    0.006066734074823054,
    0.006066734074823054,
    0.00910010111223458,
    0.00910010111223458,
    0.010111223458038422,
    0.010111223458038422,
    0.01314459049544995,
    0.01314459049544995,
    0.014155712841253791,
    0.014155712841253791,
    0.015166835187057633,
    0.015166835187057633,
    0.016177957532861477,
    0.016177957532861477,
    0.019211324570273004,
    0.019211324570273004,
    0.020222446916076844,
    0.020222446916076844,
    0.021233569261880688,
    0.021233569261880688,
    0.022244691607684528,
    0.022244691607684528,
    0.025278058645096056,
    0.025278058645096056,
    0.028311425682507583,
    0.028311425682507583,
    0.032355915065722954,
    0.032355915065722954,
    0.033367037411526794,
    0.033367037411526794,
    0.03842264914054601,
    0.03842264914054601,
    0.06471183013144591,
    0.06471183013144591,
    0.06572295247724974,
    0.06572295247724974,
    0.08998988877654196,
    0.08998988877654196,
    0.24064711830131447,
    0.24266936299292213,
    0.3316481294236603,
    0.33367037411526795,
    0.34984833164812945,
    0.3518705763397371,
    0.4186046511627907,
    0.4186046511627907,
    0.4206268958543984,
    0.5217391304347826,
    0.5217391304347826,
    0.5763397371081901,
    0.5783619817997978,
    0.8321536905965622,
    0.8341759352881699,
    0.8412537917087968,
    0.8432760364004045,
    0.871587462082912,
    0.8736097067745198,
    1.0
  ],
  "tpr": [
    0.0,
    0.013333333333333334,
    0.22666666666666666,
    0.22666666666666666,
    0.28,
    0.28,
    0.29333333333333333,
    0.29333333333333333,
    0.32,
    0.32,
    0.3333333333333333,
    0.3333333333333333,
    0.36,
    0.36,
    0.37333333333333335,
    0.37333333333333335,
    0.4,
    0.4,
    0.7333333333333333,
    0.7333333333333333,
    0.7733333333333333,
    0.7733333333333333,
    0.7866666666666666,
    0.7866666666666666,
    0.8,
    0.8,
    0.8133333333333334,
    0.8133333333333334,
    0.8266666666666667,
    0.8266666666666667,
    0.84,
    0.84,
    0.8666666666666667,
    0.8666666666666667,
    0.8933333333333333,
    0.8933333333333333,
    0.92,
    0.92,
    0.9333333333333333,
    0.9333333333333333,
    0.9466666666666667,
    0.9466666666666667,
    0.96,
    0.96,
    0.9733333333333334,
    0.9733333333333334,
    0.9733333333333334,
    0.9733333333333334,
    0.9733333333333334,
    0.9733333333333334,
    0.9733333333333334,
    0.9733333333333334,
    0.9866666666666667,
    0.9866666666666667,
    0.9866666666666667,
    1.0,
    1.0,
    1.0,
    1.0,
    1.0,
    1.0,
    1.0,
    1.0,
    1.0,
    1.0
  ],
  "thresholds": [
    Infinity,
    0.7872326374053955,
    0.7869741916656494,
    0.7869707942008972,
    0.7869304418563843,
    0.7869154810905457,
    0.7868970036506653,
    0.7868793606758118,
    0.7868451476097107,
    0.7868220210075378,
    0.7868033051490784,
    0.7867843508720398,
    0.7867832183837891,
    0.7867180109024048,
    0.7866962552070618,
    0.7866876125335693,
    0.7865829467773438,
    0.7865779995918274,
    0.7860865592956543,
    0.7860859036445618,
    0.7859376668930054,
    0.7859134674072266,
    0.7858967781066895,
    0.7858749032020569,
    0.785856306552887,
    0.7858504056930542,
    0.7858371734619141,
    0.7858361601829529,
    0.785826563835144,
    0.7857164144515991,
    0.7857156991958618,
    0.7856593728065491,
    0.7856517434120178,
    0.7856161594390869,
    0.7855700254440308,
    0.78556227684021,
    0.7855238318443298,
    0.7852740287780762,
    0.7852184176445007,
    0.7832937240600586,
    0.7828727960586548,
    0.7828214764595032,
    0.7827626466751099,
    0.7805105447769165,
    0.7804865837097168,
    0.022425811737775803,
    0.02242542989552021,
    0.022404277697205544,
    0.022404136136174202,
    0.0224022027105093,
    0.022402120754122734,
    0.022393809631466866,
    0.02239379845559597,
    0.022393755614757538,
    0.022368790581822395,
    0.022368768230080605,
    0.022357046604156494,
    0.02235693670809269,
    0.022140169516205788,
    0.02214011363685131,
    0.02213948406279087,
    0.022139357402920723,
    0.022133715450763702,
    0.022133657708764076,
    0.022075699642300606
  ]
}