{"train_loss": [0.049890915549688296, 0.033473059741399164, 0.034951290593281475, 0.03469440321946009, 0.03492349205639171], "val_loss": [0.09084106295962226, 0.08212881272828038, 0.07985793579031121, 0.08606328135779635, 0.07378255635161292], "train_auroc": [0.9665967581284044, 0.9782012047272123, 0.9750253504294519, 0.9737551709622128, 0.974029297549144], "val_auroc": [0.9689982861381833, 0.9906112164764608, 0.9916932516234181, 0.9913970714523244, 0.9917789447142529]}