{
  "auroc": 0.9701381867205933,
  "auprc": 0.6773141538513813,
  "accuracy": 0.9680451127819549,
  "precision": 0.7252747252747253,
  "recall": 0.88,
  "f1_score": 0.7951807228915663,
  "specificity": 0.974721941354904,
  "mean_early_warning_hours": 0.0,
  "median_early_warning_hours": 0.0,
  "false_alarm_rate": 0.006920415224913495,
  "optimal_threshold": 0.7859463095664978,
  "confusion_matrix": {
    "tn": 964,
    "fp": 25,
    "fn": 9,
    "tp": 66
  },
  "fpr": [
    0.0,
    0.0,
    0.0,
    0.0020222446916076846,
    0.0020222446916076846,
    0.005055611729019211,
    0.005055611729019211,
    0.006066734074823054,
    0.006066734074823054,
    0.007077856420626896,
    0.007077856420626896,
    0.00910010111223458,
    0.00910010111223458,
    0.010111223458038422,
    0.010111223458038422,
    0.011122345803842264,
    0.011122345803842264,
    0.012133468149646108,
    0.012133468149646108,
    0.01314459049544995,
    0.01314459049544995,
    0.014155712841253791,
    0.014155712841253791,
    0.015166835187057633,
    0.015166835187057633,
    0.016177957532861477,
    0.016177957532861477,
    0.019211324570273004,
    0.019211324570273004,
    0.020222446916076844,
    0.020222446916076844,
    0.021233569261880688,
    0.021233569261880688,
    0.022244691607684528,
    0.022244691607684528,
    0.023255813953488372,
    0.023255813953488372,
    0.024266936299292215,
    0.024266936299292215,
    0.025278058645096056,
    0.025278058645096056,
    0.03134479271991911,
    0.03134479271991911,
    0.042467138523761376,
    0.042467138523761376,
    0.05055611729019211,
    0.05055611729019211,
    0.0525783619817998,
    0.0525783619817998,
    0.06066734074823053,
    0.06066734074823053,
    0.07077856420626896,
    0.07077856420626896,
    0.358948432760364,
    0.358948432760364,
    0.36501516683518703,
    0.36703741152679475,
    0.39635995955510617,
    0.39838220424671383,
    0.4246713852376138,
    0.42669362992922144,
    0.45096056622851366,
    0.4529828109201213,
    0.5480283114256825,
    0.5500505561172901,
    0.6673407482305359,
    0.6693629929221436,
    0.7037411526794742,
    0.7037411526794742,
    0.7623862487360971,
    0.7644084934277048,
    0.7674418604651163,
    0.7694641051567239,
    0.8250758341759353,
    0.8270980788675429,
    0.8665318503538928,
    0.8685540950455005,
    0.9201213346814965,
    0.9221435793731041,
    0.9686552072800809,
    0.9706774519716885,
    1.0
  ],
  "tpr": [
    0.0,
    0.013333333333333334,
    0.08,
    0.08,
    0.09333333333333334,
    0.09333333333333334,
    0.10666666666666667,
    0.10666666666666667,
    0.16,
    0.16,
    0.18666666666666668,
    0.18666666666666668,
    0.2,
    0.2,
    0.21333333333333335,
    0.21333333333333335,
    0.24,
    0.24,
    0.26666666666666666,
    0.26666666666666666,
    0.32,
    0.32,
    0.4,
    0.4,
    0.72,
    0.72,
    0.7866666666666666,
    0.7866666666666666,
    0.8133333333333334,
    0.8133333333333334,
    0.8266666666666667,
    0.8266666666666667,
    0.84,
    0.84,
    0.8533333333333334,
    0.8533333333333334,
    0.8666666666666667,
    0.8666666666666667,
    0.88,
    0.88,
    0.8933333333333333,
    0.8933333333333333,
    0.9066666666666666,
    0.9066666666666666,
    0.92,
    0.92,
    0.9333333333333333,
    0.9333333333333333,
    0.9466666666666667,
    0.9466666666666667,
    0.96,
    0.96,
    0.9733333333333334,
    0.9733333333333334,
    0.9866666666666667,
    0.9866666666666667,
    0.9866666666666667,
    0.9866666666666667,
    0.9866666666666667,
    0.9866666666666667,
    0.9866666666666667,
    0.9866666666666667,
    0.9866666666666667,
    0.9866666666666667,
    0.9866666666666667,
    0.9866666666666667,
    0.9866666666666667,
    0.9866666666666667,
    1.0,
    1.0,
    1.0,
    1.0,
    1.0,
    1.0,
    1.0,
    1.0,
    1.0,
    1.0,
    1.0,
    1.0,
    1.0,
    1.0
  ],
  "thresholds": [
    Infinity,
    0.7872100472450256,
    0.7871386408805847,
    0.7871019244194031,
    0.7870892286300659,
    0.7870681881904602,
    0.7870680093765259,
    0.7870660424232483,
    0.787021279335022,
    0.7870184779167175,
    0.7869982719421387,
    0.786985456943512,
    0.7869826555252075,
    0.7869715094566345,
    0.7869632244110107,
    0.7869583964347839,
    0.7869399189949036,
    0.7869300246238708,
    0.7869203686714172,
    0.7869112491607666,
    0.7868929505348206,
    0.7868874073028564,
    0.7868003249168396,
    0.7867969274520874,
    0.7862880229949951,
    0.7862862944602966,
    0.7861747741699219,
    0.7861328721046448,
    0.7861102223396301,
    0.7860952615737915,
    0.7860757112503052,
    0.786068320274353,
    0.7860669493675232,
    0.7860644459724426,
    0.7860485315322876,
    0.7860214710235596,
    0.7860084772109985,
    0.7860044836997986,
    0.7860020995140076,
    0.7859579920768738,
    0.7859463095664978,
    0.7858414053916931,
    0.7857643365859985,
    0.7849647998809814,
    0.7849448323249817,
    0.7843013405799866,
    0.784262478351593,
    0.7840953469276428,
    0.7840827703475952,
    0.783555805683136,
    0.783552348613739,
    0.7830106616020203,
    0.7829850316047668,
    0.02240808494389057,
    0.022408021613955498,
    0.02240770310163498,
    0.022407561540603638,
    0.022405283525586128,
    0.022405043244361877,
    0.022402429953217506,
    0.022401755675673485,
    0.02239839732646942,
    0.022398099303245544,
    0.02237709052860737,
    0.022376956418156624,
    0.022357158362865448,
    0.02235693670809269,
    0.02234838530421257,
    0.022348282858729362,
    0.02215210720896721,
    0.022151926532387733,
    0.022151606157422066,
    0.022151539102196693,
    0.02214241586625576,
    0.02214193530380726,
    0.022135216742753983,
    0.022134818136692047,
    0.022121381014585495,
    0.02211943082511425,
    0.022101012989878654,
    0.02210099622607231,
    0.022077804431319237
  ]
}