{
  "auroc": 0.9722278395685877,
  "auprc": 0.576475683632847,
  "accuracy": 0.9774436090225563,
  "precision": 0.8072289156626506,
  "recall": 0.8933333333333333,
  "f1_score": 0.8481012658227848,
  "specificity": 0.9838220424671386,
  "mean_early_warning_hours": 0.0,
  "median_early_warning_hours": 0.0,
  "false_alarm_rate": 0.006920415224913495,
  "optimal_threshold": 0.786067545413971,
  "confusion_matrix": {
    "tn": 973,
    "fp": 16,
    "fn": 8,
    "tp": 67
  },
  "fpr": [
    0.0,
    0.0010111223458038423,
    0.015166835187057633,
    0.015166835187057633,
    0.016177957532861477,
    0.016177957532861477,
    0.047522750252780584,
    0.047522750252780584,
    0.04954499494438827,
    0.04954499494438827,
    0.054600606673407485,
    0.054600606673407485,
    0.08493427704752275,
    0.08493427704752275,
    0.26693629929221435,
    0.26693629929221435,
    0.27906976744186046,
    0.2810920121334681,
    0.28311425682507585,
    0.2851365015166835,
    0.3225480283114257,
    0.32457027300303337,
    0.34580384226491406,
    0.34782608695652173,
    0.3902932254802831,
    0.3923154701718908,
    0.46107178968655205,
    0.46309403437815977,
    0.4691607684529828,
    0.47320525783619816,
    0.4974721941354904,
    0.4974721941354904,
    0.544994944388271,
    0.5470171890798786,
    0.564206268958544,
    0.5662285136501517,
    0.6713852376137512,
    0.673407482305359,
    0.6804853387259858,
    0.6825075834175935,
    0.6855409504550051,
    0.6875631951466128,
    0.7108190091001011,
    0.7128412537917088,
    0.8230535894843276,
    0.8250758341759353,
    0.833164812942366,
    0.8351870576339737,
    0.9646107178968655,
    0.9666329625884732,
    1.0
  ],
  "tpr": [
    0.0,
    0.0,
    0.0,
    0.8933333333333333,
    0.8933333333333333,
    0.9066666666666666,
    0.9066666666666666,
    0.92,
    0.92,
    0.9466666666666667,
    0.9466666666666667,
    0.96,
    0.96,
    0.9733333333333334,
    0.9733333333333334,
    0.9866666666666667,
    0.9866666666666667,
    0.9866666666666667,
    0.9866666666666667,
    0.9866666666666667,
    0.9866666666666667,
    0.9866666666666667,
    0.9866666666666667,
    0.9866666666666667,
    0.9866666666666667,
    0.9866666666666667,
    0.9866666666666667,
    0.9866666666666667,
    0.9866666666666667,
    0.9866666666666667,
    0.9866666666666667,
    1.0,
    1.0,
    1.0,
    1.0,
    1.0,
    1.0,
    1.0,
    1.0,
    1.0,
    1.0,
    1.0,
    1.0,
    1.0,
    1.0,
    1.0,
    1.0,
    1.0,
    1.0,
    1.0,
    1.0
  ],
  "thresholds": [
    Infinity,
    0.787262499332428,
    0.7869516611099243,
    0.7861724495887756,
    0.7861267924308777,
    0.786067545413971,
    0.7845852971076965,
    0.7845815420150757,
    0.7845203876495361,
    0.7844889163970947,
    0.7842724323272705,
    0.7842473983764648,
    0.7827607989311218,
    0.7825019359588623,
    0.0224208515137434,
    0.02242070622742176,
    0.022419273853302002,
    0.022419089451432228,
    0.02241888828575611,
    0.022418813779950142,
    0.02241417020559311,
    0.022414153441786766,
    0.022411521524190903,
    0.022411437705159187,
    0.022406375035643578,
    0.022406267002224922,
    0.0223933607339859,
    0.022393235936760902,
    0.022392190992832184,
    0.0223915446549654,
    0.022383175790309906,
    0.022382883355021477,
    0.022367820143699646,
    0.022367171943187714,
    0.022363655269145966,
    0.022363536059856415,
    0.022344037890434265,
    0.022343944758176804,
    0.022342313081026077,
    0.02234223671257496,
    0.022340891882777214,
    0.02234085462987423,
    0.022335434332489967,
    0.02233540453016758,
    0.0221394170075655,
    0.022139189764857292,
    0.022138355299830437,
    0.02213834412395954,
    0.022103257477283478,
    0.022102881222963333,
    0.022075489163398743
  ]
}