{
  "auroc": 0.9673744523087293,
  "auprc": 0.7503206971312995,
  "accuracy": 0.9680451127819549,
  "precision": 0.7808219178082192,
  "recall": 0.76,
  "f1_score": 0.7702702702702703,
  "specificity": 0.9838220424671386,
  "mean_early_warning_hours": 0.0,
  "median_early_warning_hours": 0.0,
  "false_alarm_rate": 0.006920415224913495,
  "optimal_threshold": 0.7864786982536316,
  "confusion_matrix": {
    "tn": 973,
    "fp": 16,
    "fn": 18,
    "tp": 57
  },
  "fpr": [
    0.0,
    0.0,
    0.0,
    0.0010111223458038423,
    0.0010111223458038423,
    0.0020222446916076846,
    0.0020222446916076846,
    0.003033367037411527,
    0.003033367037411527,
    0.004044489383215369,
    0.004044489383215369,
    0.005055611729019211,
    0.005055611729019211,
    0.006066734074823054,
    0.006066734074823054,
    0.008088978766430738,
    0.008088978766430738,
    0.00910010111223458,
    0.00910010111223458,
    0.011122345803842264,
    0.011122345803842264,
    0.012133468149646108,
    0.012133468149646108,
    0.01314459049544995,
    0.01314459049544995,
    0.014155712841253791,
    0.014155712841253791,
    0.015166835187057633,
    0.015166835187057633,
    0.016177957532861477,
    0.016177957532861477,
    0.01820020222446916,
    0.01820020222446916,
    0.021233569261880688,
    0.021233569261880688,
    0.023255813953488372,
    0.023255813953488372,
    0.024266936299292215,
    0.024266936299292215,
    0.027300303336703743,
    0.027300303336703743,
    0.030333670374115267,
    0.030333670374115267,
    0.03134479271991911,
    0.03134479271991911,
    0.03640040444893832,
    0.03640040444893832,
    0.03741152679474216,
    0.03741152679474216,
    0.044489383215369056,
    0.044489383215369056,
    0.054600606673407485,
    0.054600606673407485,
    0.09302325581395349,
    0.09302325581395349,
    0.2871587462082912,
    0.2891809908998989,
    0.32457027300303337,
    0.32659251769464104,
    0.4064711830131446,
    0.4084934277047523,
    0.4206268958543984,
    0.42264914054600605,
    0.48533872598584427,
    0.4914054600606673,
    0.5166835187057633,
    0.5187057633973711,
    0.5247724974721941,
    0.5267947421638018,
    0.5358948432760364,
    0.537917087967644,
    0.5621840242669363,
    0.564206268958544,
    0.654196157735086,
    0.654196157735086,
    0.6663296258847321,
    0.6683518705763397,
    0.7300303336703741,
    0.7300303336703741,
    0.7836198179979778,
    0.7856420626895855,
    0.7947421638018201,
    0.7967644084934277,
    0.8483316481294236,
    0.8503538928210314,
    0.871587462082912,
    0.8736097067745198,
    0.9241658240647118,
    0.9261880687563195,
    0.9504550050556118,
    0.9524772497472194,
    1.0
  ],
  "tpr": [
    0.0,
    0.013333333333333334,
    0.18666666666666668,
    0.18666666666666668,
    0.2,
    0.2,
    0.22666666666666666,
    0.22666666666666666,
    0.24,
    0.24,
    0.25333333333333335,
    0.25333333333333335,
    0.28,
    0.28,
    0.30666666666666664,
    0.30666666666666664,
    0.32,
    0.32,
    0.3333333333333333,
    0.3333333333333333,
    0.37333333333333335,
    0.37333333333333335,
    0.38666666666666666,
    0.38666666666666666,
    0.4,
    0.4,
    0.5333333333333333,
    0.5333333333333333,
    0.7466666666666667,
    0.7466666666666667,
    0.7733333333333333,
    0.7733333333333333,
    0.7866666666666666,
    0.7866666666666666,
    0.8,
    0.8,
    0.8133333333333334,
    0.8133333333333334,
    0.8266666666666667,
    0.8266666666666667,
    0.84,
    0.84,
    0.8533333333333334,
    0.8533333333333334,
    0.9066666666666666,
    0.9066666666666666,
    0.92,
    0.92,
    0.9333333333333333,
    0.9333333333333333,
    0.9466666666666667,
    0.9466666666666667,
    0.96,
    0.96,
    0.9733333333333334,
    0.9733333333333334,
    0.9733333333333334,
    0.9733333333333334,
    0.9733333333333334,
    0.9733333333333334,
    0.9733333333333334,
    0.9733333333333334,
    0.9733333333333334,
    0.9733333333333334,
    0.9733333333333334,
    0.9733333333333334,
    0.9733333333333334,
    0.9733333333333334,
    0.9733333333333334,
    0.9733333333333334,
    0.9733333333333334,
    0.9733333333333334,
    0.9733333333333334,
    0.9733333333333334,
    0.9866666666666667,
    0.9866666666666667,
    0.9866666666666667,
    0.9866666666666667,
    1.0,
    1.0,
    1.0,
    1.0,
    1.0,
    1.0,
    1.0,
    1.0,
    1.0,
    1.0,
    1.0,
    1.0,
    1.0,
    1.0
  ],
  "thresholds": [
    Infinity,
    0.7872734665870667,
    0.7871584296226501,
    0.7871516942977905,
    0.7871461510658264,
    0.7871316075325012,
    0.7871237993240356,
    0.7871214747428894,
    0.7871156334877014,
    0.7870952486991882,
    0.7870926260948181,
    0.7870882749557495,
    0.7870659828186035,
    0.7870624661445618,
    0.7870450019836426,
    0.7870311141014099,
    0.7870299816131592,
    0.7870240807533264,
    0.7870230674743652,
    0.7869924306869507,
    0.786967396736145,
    0.7869665026664734,
    0.7869362235069275,
    0.7869349718093872,
    0.7869256138801575,
    0.7869132161140442,
    0.7868146896362305,
    0.7868105173110962,
    0.7865658402442932,
    0.7865226864814758,
    0.7864786982536316,
    0.7863883972167969,
    0.7863733768463135,
    0.7863409519195557,
    0.7863354682922363,
    0.7862712144851685,
    0.7862600088119507,
    0.7862582206726074,
    0.7862579226493835,
    0.7861973643302917,
    0.7861928939819336,
    0.7861629724502563,
    0.7861199975013733,
    0.7861009836196899,
    0.7860004901885986,
    0.7852832674980164,
    0.785273551940918,
    0.7852469682693481,
    0.7852374315261841,
    0.7848379611968994,
    0.7846810817718506,
    0.7844434976577759,
    0.7844389081001282,
    0.7829226851463318,
    0.7823433876037598,
    0.022421186789870262,
    0.02242077887058258,
    0.022415166720747948,
    0.02241501957178116,
    0.022404689341783524,
    0.022404544055461884,
    0.022403154522180557,
    0.02240307629108429,
    0.02239324152469635,
    0.02239317260682583,
    0.022390145808458328,
    0.022389864549040794,
    0.02238939329981804,
    0.02238927036523819,
    0.02238789014518261,
    0.022387808188796043,
    0.022382965311408043,
    0.022382810711860657,
    0.02236333303153515,
    0.02236272022128105,
    0.022354498505592346,
    0.022354289889335632,
    0.0223383791744709,
    0.022337308153510094,
    0.022145241498947144,
    0.022144915536046028,
    0.022144272923469543,
    0.02214418537914753,
    0.02213508076965809,
    0.022134896367788315,
    0.02213156223297119,
    0.022131500765681267,
    0.02211545594036579,
    0.022114960476756096,
    0.022105298936367035,
    0.022105181589722633,
    0.022078024223446846
  ]
}