{
  "vitals": {
    "heart_rate": 0.2254334451754129,
    "resp_rate": 0.26200854142971625,
    "temperature": 0.15326991856111824,
    "sbp": 0.12040732636483985,
    "dbp": 0.07995038198510054,
    "spo2": 0.15893038648381233
  },
  "labs": {
    "lactate": 0.2609152976675154,
    "wbc": 0.2197108765661885,
    "creatinine": 0.12795169332660847,
    "bun": 0.14306818921050124,
    "platelet": 0.13636607120992544,
    "bilirubin": 0.11198787201926093
  },
  "drugs": {
    "antibiotic": 0.6314652265012133,
    "vasopressor": 0.3685347734987868
  },
  "kg": 0.11123970271760131
}