{
    "auroc": 0.8382590730277615,
    "auprc": 0.7184099752132933,
    "accuracy@0.3": 0.4288888888888889,
    "precision@0.3": 0.4288888888888889,
    "recall@0.3": 1.0,
    "f1@0.3": 0.6003110419906688,
    "accuracy@0.5": 0.7863888888888889,
    "precision@0.5": 0.6681127982646421,
    "recall@0.5": 0.9974093264248705,
    "f1@0.5": 0.8002078461938166,
    "accuracy@0.7": 0.62625,
    "precision@0.7": 0.741190765492102,
    "recall@0.7": 0.19753886010362695,
    "f1@0.7": 0.31194068013295834,
    "optimal_threshold": 0.484706848859787,
    "optimal_f1": 0.8007786870002747,
    "early_recall_6h": 0.84779792746114,
    "early_recall_12h": 0.8976683937823834,
    "early_recall_24h": 0.9974093264248705
}