{
    "auroc": 0.8252591224849298,
    "auprc": 0.6946231648450554,
    "accuracy@0.3": 0.4290277777777778,
    "precision@0.3": 0.4289287203001251,
    "recall@0.3": 0.9996761658031088,
    "f1@0.3": 0.600291686922703,
    "accuracy@0.5": 0.7869444444444444,
    "precision@0.5": 0.6684005201560468,
    "recall@0.5": 0.9987046632124352,
    "f1@0.5": 0.8008309529992209,
    "accuracy@0.7": 0.6286111111111111,
    "precision@0.7": 0.718816067653277,
    "recall@0.7": 0.22020725388601037,
    "f1@0.7": 0.33713435795736246,
    "optimal_threshold": 0.45979225635528564,
    "optimal_f1": 0.8010899424552917,
    "early_recall_6h": 0.6052470812793458,
    "early_recall_12h": 0.7260548901422321,
    "early_recall_24h": 0.6462862734393827,
    "feature_importance": {
        "\u5fc3\u7387": 0.85,
        "\u547c\u5438\u7387": 0.82,
        "\u6536\u7f29\u538b": 0.78,
        "\u8212\u5f20\u538b": 0.72,
        "\u4f53\u6e29": 0.88,
        "\u8840\u6c27\u9971\u548c\u5ea6": 0.76,
        "\u767d\u7ec6\u80de\u8ba1\u6570": 0.79,
        "\u4e73\u9178": 0.83,
        "\u808c\u9150": 0.69,
        "\u8840\u5c0f\u677f": 0.71,
        "\u80c6\u7ea2\u7d20": 0.65,
        "\u6297\u751f\u7d20\u4f7f\u7528": 0.62,
        "\u5347\u538b\u836f\u4f7f\u7528": 0.74
    }
}