{
  "auroc": 0.967623862487361,
  "auprc": 0.7181011989355792,
  "accuracy": 0.9605263157894737,
  "precision": 0.6987951807228916,
  "recall": 0.7733333333333333,
  "f1_score": 0.7341772151898734,
  "specificity": 0.974721941354904,
  "mean_early_warning_hours": 0.0,
  "median_early_warning_hours": 0.0,
  "false_alarm_rate": 0.006920415224913495,
  "optimal_threshold": 0.7861406207084656,
  "confusion_matrix": {
    "tn": 964,
    "fp": 25,
    "fn": 17,
    "tp": 58
  },
  "fpr": [
    0.0,
    0.0,
    0.0,
    0.004044489383215369,
    0.004044489383215369,
    0.005055611729019211,
    0.005055611729019211,
    0.006066734074823054,
    0.006066734074823054,
    0.007077856420626896,
    0.008088978766430738,
    0.00910010111223458,
    0.00910010111223458,
    0.011122345803842264,
    0.011122345803842264,
    0.012133468149646108,
    0.012133468149646108,
    0.01314459049544995,
    0.01314459049544995,
    0.014155712841253791,
    0.014155712841253791,
    0.015166835187057633,
    0.016177957532861477,
    0.016177957532861477,
    0.020222446916076844,
    0.020222446916076844,
    0.021233569261880688,
    0.021233569261880688,
    0.022244691607684528,
    0.022244691607684528,
    0.023255813953488372,
    0.023255813953488372,
    0.025278058645096056,
    0.025278058645096056,
    0.028311425682507583,
    0.028311425682507583,
    0.030333670374115267,
    0.030333670374115267,
    0.03134479271991911,
    0.03134479271991911,
    0.032355915065722954,
    0.032355915065722954,
    0.041456016177957536,
    0.041456016177957536,
    0.06167846309403438,
    0.06167846309403438,
    0.0717896865520728,
    0.0717896865520728,
    0.0859453993933266,
    0.0859453993933266,
    0.2659251769464105,
    0.2679474216380182,
    0.32659251769464104,
    0.32861476238624876,
    0.3367037411526795,
    0.33872598584428715,
    0.3528816986855409,
    0.35490394337714865,
    0.3862487360970677,
    0.38827098078867545,
    0.3953488372093023,
    0.39737108190091003,
    0.44287158746208294,
    0.4448938321536906,
    0.44792719919110213,
    0.4499494438827098,
    0.4752275025278059,
    0.4752275025278059,
    0.7087967644084934,
    0.7087967644084934,
    0.7775530839231547,
    0.7795753286147624,
    0.7947421638018201,
    0.7967644084934277,
    0.9524772497472194,
    0.9544994944388271,
    1.0
  ],
  "tpr": [
    0.0,
    0.013333333333333334,
    0.2,
    0.2,
    0.21333333333333335,
    0.21333333333333335,
    0.22666666666666666,
    0.22666666666666666,
    0.25333333333333335,
    0.25333333333333335,
    0.26666666666666666,
    0.26666666666666666,
    0.28,
    0.28,
    0.32,
    0.32,
    0.3333333333333333,
    0.3333333333333333,
    0.36,
    0.36,
    0.48,
    0.48,
    0.5066666666666667,
    0.6533333333333333,
    0.6533333333333333,
    0.68,
    0.68,
    0.6933333333333334,
    0.6933333333333334,
    0.7333333333333333,
    0.7333333333333333,
    0.7466666666666667,
    0.7466666666666667,
    0.7866666666666666,
    0.7866666666666666,
    0.8133333333333334,
    0.8133333333333334,
    0.8266666666666667,
    0.8266666666666667,
    0.88,
    0.88,
    0.92,
    0.92,
    0.9333333333333333,
    0.9333333333333333,
    0.9466666666666667,
    0.9466666666666667,
    0.96,
    0.96,
    0.9733333333333334,
    0.9733333333333334,
    0.9733333333333334,
    0.9733333333333334,
    0.9733333333333334,
    0.9733333333333334,
    0.9733333333333334,
    0.9733333333333334,
    0.9733333333333334,
    0.9733333333333334,
    0.9733333333333334,
    0.9733333333333334,
    0.9733333333333334,
    0.9733333333333334,
    0.9733333333333334,
    0.9733333333333334,
    0.9733333333333334,
    0.9733333333333334,
    0.9866666666666667,
    0.9866666666666667,
    1.0,
    1.0,
    1.0,
    1.0,
    1.0,
    1.0,
    1.0,
    1.0
  ],
  "thresholds": [
    Infinity,
    0.7872741222381592,
    0.7868932485580444,
    0.7868266105651855,
    0.7868262529373169,
    0.7868195176124573,
    0.786811351776123,
    0.7867893576622009,
    0.7867379188537598,
    0.7867234349250793,
    0.7867217659950256,
    0.786719560623169,
    0.7867162823677063,
    0.7866790294647217,
    0.7866661548614502,
    0.7866373062133789,
    0.7866336703300476,
    0.7866148352622986,
    0.7865889072418213,
    0.7865850925445557,
    0.7864712476730347,
    0.7864643335342407,
    0.7864522337913513,
    0.7863362431526184,
    0.7862939238548279,
    0.7862815260887146,
    0.7862796187400818,
    0.786276638507843,
    0.7862499952316284,
    0.786209762096405,
    0.7862033843994141,
    0.7861941456794739,
    0.7861739993095398,
    0.7861406207084656,
    0.7861074805259705,
    0.7860917448997498,
    0.7860819101333618,
    0.7860633730888367,
    0.7860187292098999,
    0.7859058380126953,
    0.7858833074569702,
    0.7850444316864014,
    0.7841768264770508,
    0.7840280532836914,
    0.7833136320114136,
    0.7833116054534912,
    0.7827365398406982,
    0.7827340960502625,
    0.781099259853363,
    0.7810579538345337,
    0.022424466907978058,
    0.02242445759475231,
    0.022416196763515472,
    0.02241615019738674,
    0.022415444254875183,
    0.022415418177843094,
    0.022413751110434532,
    0.02241366170346737,
    0.022409996017813683,
    0.022409914061427116,
    0.02240927517414093,
    0.022409263998270035,
    0.02240394428372383,
    0.022403905168175697,
    0.022403310984373093,
    0.022403186187148094,
    0.022398727014660835,
    0.022398654371500015,
    0.022344693541526794,
    0.022344589233398438,
    0.02214757911860943,
    0.022147562354803085,
    0.02214428409934044,
    0.02214418537914753,
    0.022105304524302483,
    0.022105053067207336,
    0.02207127772271633
  ]
}