{
  "vitals": {
    "heart_rate": 0.1817151623193059,
    "resp_rate": 0.2322210514084266,
    "temperature": 0.18309182340467725,
    "sbp": 0.15747062085935262,
    "dbp": 0.10508718797578104,
    "spo2": 0.14041415403245655
  },
  "labs": {
    "lactate": 0.2960736077473722,
    "wbc": 0.23942003887551855,
    "creatinine": 0.12454741154036679,
    "bun": 0.11140693817101101,
    "platelet": 0.10779559511778898,
    "bilirubin": 0.12075640854794241
  },
  "drugs": {
    "antibiotic": 0.5698780328527676,
    "vasopressor": 0.4301219671472324
  },
  "kg": 0.10330931317448731
}