{
  "auroc": 0.9640444893832154,
  "auprc": 0.6222873465269911,
  "accuracy": 0.9595864661654135,
  "precision": 0.7,
  "recall": 0.7466666666666667,
  "f1_score": 0.7225806451612903,
  "specificity": 0.9757330637007078,
  "mean_early_warning_hours": 0.0,
  "median_early_warning_hours": 0.0,
  "false_alarm_rate": 0.006920415224913495,
  "optimal_threshold": 0.7864102721214294,
  "confusion_matrix": {
    "tn": 965,
    "fp": 24,
    "fn": 19,
    "tp": 56
  },
  "fpr": [
    0.0,
    0.0,
    0.0,
    0.003033367037411527,
    0.003033367037411527,
    0.005055611729019211,
    0.005055611729019211,
    0.007077856420626896,
    0.007077856420626896,
    0.00910010111223458,
    0.00910010111223458,
    0.010111223458038422,
    0.010111223458038422,
    0.011122345803842264,
    0.011122345803842264,
    0.012133468149646108,
    0.012133468149646108,
    0.01314459049544995,
    0.01314459049544995,
    0.014155712841253791,
    0.014155712841253791,
    0.015166835187057633,
    0.015166835187057633,
    0.016177957532861477,
    0.016177957532861477,
    0.020222446916076844,
    0.020222446916076844,
    0.022244691607684528,
    0.022244691607684528,
    0.023255813953488372,
    0.023255813953488372,
    0.024266936299292215,
    0.024266936299292215,
    0.027300303336703743,
    0.027300303336703743,
    0.029322548028311426,
    0.029322548028311426,
    0.030333670374115267,
    0.030333670374115267,
    0.03134479271991911,
    0.03134479271991911,
    0.032355915065722954,
    0.032355915065722954,
    0.03538928210313448,
    0.03538928210313448,
    0.046511627906976744,
    0.046511627906976744,
    0.057633973710819006,
    0.057633973710819006,
    0.06167846309403438,
    0.06167846309403438,
    0.06673407482305359,
    0.06673407482305359,
    0.3114256825075834,
    0.31445904954499493,
    0.32962588473205257,
    0.3316481294236603,
    0.34277047522750254,
    0.3447927199191102,
    0.4206268958543984,
    0.42264914054600605,
    0.43882709807886755,
    0.4408493427704752,
    0.448938321536906,
    0.45096056622851366,
    0.4580384226491405,
    0.46006066734074824,
    0.4661274014155713,
    0.46814964610717896,
    0.4792719919110212,
    0.48129423660262893,
    0.49848331648129424,
    0.5005055611729019,
    0.5075834175935288,
    0.5096056622851365,
    0.5207280080889788,
    0.5227502527805864,
    0.5237613751263903,
    0.5257836198179979,
    0.5500505561172901,
    0.5500505561172901,
    0.5581395348837209,
    0.5601617795753286,
    0.7087967644084934,
    0.7108190091001011,
    0.717896865520728,
    0.717896865520728,
    0.8766430738119313,
    0.8786653185035389,
    1.0
  ],
  "tpr": [
    0.0,
    0.013333333333333334,
    0.05333333333333334,
    0.05333333333333334,
    0.06666666666666667,
    0.06666666666666667,
    0.10666666666666667,
    0.10666666666666667,
    0.14666666666666667,
    0.14666666666666667,
    0.17333333333333334,
    0.17333333333333334,
    0.21333333333333335,
    0.21333333333333335,
    0.24,
    0.24,
    0.25333333333333335,
    0.25333333333333335,
    0.26666666666666666,
    0.26666666666666666,
    0.32,
    0.32,
    0.38666666666666666,
    0.38666666666666666,
    0.5333333333333333,
    0.5333333333333333,
    0.6266666666666667,
    0.6266666666666667,
    0.64,
    0.64,
    0.7066666666666667,
    0.7066666666666667,
    0.76,
    0.76,
    0.7733333333333333,
    0.7733333333333333,
    0.7866666666666666,
    0.7866666666666666,
    0.8133333333333334,
    0.8133333333333334,
    0.8933333333333333,
    0.8933333333333333,
    0.9066666666666666,
    0.9066666666666666,
    0.92,
    0.92,
    0.9333333333333333,
    0.9333333333333333,
    0.9466666666666667,
    0.9466666666666667,
    0.96,
    0.96,
    0.9733333333333334,
    0.9733333333333334,
    0.9733333333333334,
    0.9733333333333334,
    0.9733333333333334,
    0.9733333333333334,
    0.9733333333333334,
    0.9733333333333334,
    0.9733333333333334,
    0.9733333333333334,
    0.9733333333333334,
    0.9733333333333334,
    0.9733333333333334,
    0.9733333333333334,
    0.9733333333333334,
    0.9733333333333334,
    0.9733333333333334,
    0.9733333333333334,
    0.9733333333333334,
    0.9733333333333334,
    0.9733333333333334,
    0.9733333333333334,
    0.9733333333333334,
    0.9733333333333334,
    0.9733333333333334,
    0.9733333333333334,
    0.9733333333333334,
    0.9733333333333334,
    0.9866666666666667,
    0.9866666666666667,
    0.9866666666666667,
    0.9866666666666667,
    0.9866666666666667,
    0.9866666666666667,
    1.0,
    1.0,
    1.0,
    1.0
  ],
  "thresholds": [
    Infinity,
    0.787255048751831,
    0.7872390151023865,
    0.7872267365455627,
    0.7872257828712463,
    0.787208080291748,
    0.787179172039032,
    0.7871579527854919,
    0.7871324419975281,
    0.7871182560920715,
    0.7871102094650269,
    0.7871066331863403,
    0.78709477186203,
    0.7870823740959167,
    0.787070631980896,
    0.7870575189590454,
    0.7870331406593323,
    0.7870246767997742,
    0.7870160937309265,
    0.7870069742202759,
    0.7869068384170532,
    0.7869052290916443,
    0.7868144512176514,
    0.7867918610572815,
    0.786627471446991,
    0.7865787148475647,
    0.7865139245986938,
    0.7864962220191956,
    0.7864835858345032,
    0.7864683866500854,
    0.7864297032356262,
    0.7864296436309814,
    0.7864102721214294,
    0.7863821983337402,
    0.7863649725914001,
    0.7863438129425049,
    0.7863383293151855,
    0.7863154411315918,
    0.7862929701805115,
    0.7862750291824341,
    0.7861339449882507,
    0.7861302495002747,
    0.7859880328178406,
    0.7852916717529297,
    0.785266637802124,
    0.7846179008483887,
    0.7846145033836365,
    0.7842429876327515,
    0.7842121124267578,
    0.783961832523346,
    0.7838979959487915,
    0.7836646437644958,
    0.7836640477180481,
    0.02241388149559498,
    0.022413287311792374,
    0.022411515936255455,
    0.02241150103509426,
    0.02241005189716816,
    0.022409766912460327,
    0.022396428510546684,
    0.02239629253745079,
    0.022394852712750435,
    0.022394811734557152,
    0.022394144907593727,
    0.02239413373172283,
    0.02239391580224037,
    0.022393841296434402,
    0.022393036633729935,
    0.02239285409450531,
    0.022391576319932938,
    0.022391565144062042,
    0.022390102967619896,
    0.022390050813555717,
    0.022389329969882965,
    0.02238932065665722,
    0.022387567907571793,
    0.02238750457763672,
    0.022387228906154633,
    0.02238708734512329,
    0.022384243085980415,
    0.022384125739336014,
    0.022383298724889755,
    0.0223830696195364,
    0.022352976724505424,
    0.02235276997089386,
    0.02234969474375248,
    0.02234933152794838,
    0.022132020443677902,
    0.022131536155939102,
    0.022070804610848427
  ]
}